-- MySQL Script generated by MySQL Workbench
-- 01/05/16 17:53:36
-- Model: New Model    Version: 1.0
-- MySQL Workbench Forward Engineering

SET @OLD_UNIQUE_CHECKS=@@UNIQUE_CHECKS, UNIQUE_CHECKS=0;
SET @OLD_FOREIGN_KEY_CHECKS=@@FOREIGN_KEY_CHECKS, FOREIGN_KEY_CHECKS=0;
SET @OLD_SQL_MODE=@@SQL_MODE, SQL_MODE='TRADITIONAL,ALLOW_INVALID_DATES';

-- -----------------------------------------------------
-- Schema mydb
-- -----------------------------------------------------

-- -----------------------------------------------------
-- Schema mydb
-- -----------------------------------------------------
CREATE SCHEMA IF NOT EXISTS `mydb` DEFAULT CHARACTER SET utf8 ;
USE `mydb` ;

-- -----------------------------------------------------
-- Table `mydb`.`hainj_rights`
-- -----------------------------------------------------
DROP TABLE IF EXISTS `mydb`.`hainj_rights` ;

CREATE TABLE IF NOT EXISTS `mydb`.`hainj_rights` (
  `id` INT NOT NULL AUTO_INCREMENT,
  `rights` INT NOT NULL,
  `name` VARCHAR(45) NOT NULL,
  PRIMARY KEY (`id`),
  UNIQUE INDEX `id_UNIQUE` (`id` ASC))
ENGINE = InnoDB;


-- -----------------------------------------------------
-- Table `mydb`.`hainj_user`
-- -----------------------------------------------------
DROP TABLE IF EXISTS `mydb`.`hainj_user` ;

CREATE TABLE IF NOT EXISTS `mydb`.`hainj_user` (
  `id` INT NOT NULL AUTO_INCREMENT,
  `name` VARCHAR(45) NOT NULL,
  `surname` VARCHAR(45) NOT NULL,
  `email` VARCHAR(90) NOT NULL,
  `password` VARCHAR(120) NOT NULL,
  `Rights_id` INT NOT NULL,
  PRIMARY KEY (`id`),
  UNIQUE INDEX `id_UNIQUE` (`id` ASC),
  INDEX `fk_User_Rights_idx` (`Rights_id` ASC),
  UNIQUE INDEX `email_UNIQUE` (`email` ASC),
  CONSTRAINT `fk_User_Rights`
    FOREIGN KEY (`Rights_id`)
    REFERENCES `mydb`.`hainj_rights` (`id`)
    ON DELETE NO ACTION
    ON UPDATE NO ACTION)
ENGINE = InnoDB;


-- -----------------------------------------------------
-- Table `mydb`.`hainj_post`
-- -----------------------------------------------------
DROP TABLE IF EXISTS `mydb`.`hainj_post` ;

CREATE TABLE IF NOT EXISTS `mydb`.`hainj_post` (
  `id` INT NOT NULL AUTO_INCREMENT,
  `abstract` TEXT NOT NULL,
  `name` VARCHAR(200) NOT NULL,
  `author` VARCHAR(400) NOT NULL,
  `User_id` INT NOT NULL,
  `pdf` VARCHAR(200) NOT NULL,
  `approve` INT NOT NULL,
  PRIMARY KEY (`id`),
  INDEX `fk_Post_User1_idx` (`User_id` ASC),
  UNIQUE INDEX `id_UNIQUE` (`id` ASC),
  UNIQUE INDEX `name_UNIQUE` (`name` ASC),
  CONSTRAINT `fk_Post_User1`
    FOREIGN KEY (`User_id`)
    REFERENCES `mydb`.`hainj_user` (`id`)
    ON DELETE NO ACTION
    ON UPDATE NO ACTION)
ENGINE = InnoDB;


-- -----------------------------------------------------
-- Table `mydb`.`hainj_review`
-- -----------------------------------------------------
DROP TABLE IF EXISTS `mydb`.`hainj_review` ;

CREATE TABLE IF NOT EXISTS `mydb`.`hainj_review` (
  `topic` INT NOT NULL,
  `technology` INT NOT NULL,
  `grammar` INT NOT NULL,
  `original` INT NOT NULL,
  `User_id` INT NOT NULL,
  `Post_id` INT NOT NULL,
  PRIMARY KEY (`User_id`, `Post_id`),
  INDEX `fk_Review_User1_idx` (`User_id` ASC),
  INDEX `fk_Review_Post1_idx` (`Post_id` ASC),
  CONSTRAINT `fk_Review_User1`
    FOREIGN KEY (`User_id`)
    REFERENCES `mydb`.`hainj_user` (`id`)
    ON DELETE NO ACTION
    ON UPDATE NO ACTION,
  CONSTRAINT `fk_Review_Post1`
    FOREIGN KEY (`Post_id`)
    REFERENCES `mydb`.`hainj_post` (`id`)
    ON DELETE NO ACTION
    ON UPDATE NO ACTION)
ENGINE = InnoDB;


SET SQL_MODE=@OLD_SQL_MODE;
SET FOREIGN_KEY_CHECKS=@OLD_FOREIGN_KEY_CHECKS;
SET UNIQUE_CHECKS=@OLD_UNIQUE_CHECKS;

-- -----------------------------------------------------
-- Data for table `mydb`.`hainj_rights`
-- -----------------------------------------------------
START TRANSACTION;
USE `mydb`;
INSERT INTO `mydb`.`hainj_rights` (`id`, `rights`, `name`) VALUES (1, 1, 'Uživatel');
INSERT INTO `mydb`.`hainj_rights` (`id`, `rights`, `name`) VALUES (2, 5, 'Recenzent');
INSERT INTO `mydb`.`hainj_rights` (`id`, `rights`, `name`) VALUES (3, 10, 'Admin');

COMMIT;


-- -----------------------------------------------------
-- Data for table `mydb`.`hainj_user`
-- -----------------------------------------------------
START TRANSACTION;
USE `mydb`;
INSERT INTO `mydb`.`hainj_user` (`id`, `name`, `surname`, `email`, `password`, `Rights_id`) VALUES (1, 'Karel', 'Novák', 'karel@email.cz', '$2y$10$QPMLSFfaUObZ60oH2kXY3e8np9rT9N7b1BTS3829Sv34gBBjKLcnm', 3);
INSERT INTO `mydb`.`hainj_user` (`id`, `name`, `surname`, `email`, `password`, `Rights_id`) VALUES (2, 'Pavel', 'Vomáčka', 'pavel@email.cz', '$2y$10$QPMLSFfaUObZ60oH2kXY3e8np9rT9N7b1BTS3829Sv34gBBjKLcnm', 2);
INSERT INTO `mydb`.`hainj_user` (`id`, `name`, `surname`, `email`, `password`, `Rights_id`) VALUES (3, 'Test', 'Recenzent', 'recenzent@email.cz', '$2y$10$QPMLSFfaUObZ60oH2kXY3e8np9rT9N7b1BTS3829Sv34gBBjKLcnm', 2);
INSERT INTO `mydb`.`hainj_user` (`id`, `name`, `surname`, `email`, `password`, `Rights_id`) VALUES (4, 'Roman', 'Strnad', 'roman@email.cz', '$2y$10$QPMLSFfaUObZ60oH2kXY3e8np9rT9N7b1BTS3829Sv34gBBjKLcnm', 2);
INSERT INTO `mydb`.`hainj_user` (`id`, `name`, `surname`, `email`, `password`, `Rights_id`) VALUES (5, 'Jan', 'Procházka', 'jan@email.cz', '$2y$10$QPMLSFfaUObZ60oH2kXY3e8np9rT9N7b1BTS3829Sv34gBBjKLcnm', 2);
INSERT INTO `mydb`.`hainj_user` (`id`, `name`, `surname`, `email`, `password`, `Rights_id`) VALUES (6, 'Petr', 'Modrý', 'pet@email.cz', '$2y$10$QPMLSFfaUObZ60oH2kXY3e8np9rT9N7b1BTS3829Sv34gBBjKLcnm', 1);
INSERT INTO `mydb`.`hainj_user` (`id`, `name`, `surname`, `email`, `password`, `Rights_id`) VALUES (7, 'Test', 'Admin', 'admin@email.cz', '$2y$10$QPMLSFfaUObZ60oH2kXY3e8np9rT9N7b1BTS3829Sv34gBBjKLcnm', 3);
INSERT INTO `mydb`.`hainj_user` (`id`, `name`, `surname`, `email`, `password`, `Rights_id`) VALUES (8, 'Test', 'Uživatel', 'uzivatel@email.cz', '$2y$10$QPMLSFfaUObZ60oH2kXY3e8np9rT9N7b1BTS3829Sv34gBBjKLcnm', 1);

COMMIT;


-- -----------------------------------------------------
-- Data for table `mydb`.`hainj_post`
-- -----------------------------------------------------
START TRANSACTION;
USE `mydb`;
INSERT INTO `mydb`.`hainj_post` (`id`, `abstract`, `name`, `author`, `User_id`, `pdf`, `approve`) VALUES (1, 'Lorem ipsum dolor sit amet, consectetur adipisicing elit, sed do eiusmod', 'Lorem ipsum dolor sit amet', 'Karel Vomáčka, Pavel Zelený', 6, 'upload/PetrModry/Lorem_ipsum_dolor_sit_amet_test_pdf.pdf', 1);
INSERT INTO `mydb`.`hainj_post` (`id`, `abstract`, `name`, `author`, `User_id`, `pdf`, `approve`) VALUES (2, 'Lorem ipsum dolor sit amet, consectetur adipisicing elit, sed do eiusmod', 'Lorem ipsum', 'Karel Vomáčka, Pavel Zelený', 6, 'upload/PetrModry/Lorem_ipsum_test_pdf.pdf', 0);
INSERT INTO `mydb`.`hainj_post` (`id`, `abstract`, `name`, `author`, `User_id`, `pdf`, `approve`) VALUES (3, 'Lorem ipsum dolor sit amet, consectetur adipisicing elit, sed do eiusmod', 'Lorem ipsum dolor sit amet, consectetur', 'Karel Vomáčka, Pavel Zelený', 8, 'upload/TestUzivatel/Lorem_ipsum_dolor_sit_amet__consectetur_test_pdf.pdf', 0);
INSERT INTO `mydb`.`hainj_post` (`id`, `abstract`, `name`, `author`, `User_id`, `pdf`, `approve`) VALUES (4, 'Lorem ipsum dolor sit amet, consectetur adipisicing elit, sed do eiusmod', 'Lorem ipsum dolor sit amet, consectetur adipisicing', 'Karel Vomáčka, Pavel Zelený', 8, 'upload/TestUzivatel/Lorem_ipsum_dolor_sit_amet__consectetur_adipisicing_test_pdf.pdf', 0);
INSERT INTO `mydb`.`hainj_post` (`id`, `abstract`, `name`, `author`, `User_id`, `pdf`, `approve`) VALUES (5, 'Lorem ipsum dolor sit amet, consectetur adipisicing elit, sed do eiusmod', 'Lorem ipsum dolor sit amet, consectetur adipisicing elit', 'Karel Vomáčka, Pavel Zelený', 6, 'upload/PetrModry/Lorem_ipsum_dolor_sit_amet__consectetur_adipisicing_elit_test_pdf.pdf', 0);

COMMIT;


-- -----------------------------------------------------
-- Data for table `mydb`.`hainj_review`
-- -----------------------------------------------------
START TRANSACTION;
USE `mydb`;
INSERT INTO `mydb`.`hainj_review` (`topic`, `technology`, `grammar`, `original`, `User_id`, `Post_id`) VALUES (4, 3, 4, 5, 2, 1);
INSERT INTO `mydb`.`hainj_review` (`topic`, `technology`, `grammar`, `original`, `User_id`, `Post_id`) VALUES (2, 5, 1, 3, 3, 1);
INSERT INTO `mydb`.`hainj_review` (`topic`, `technology`, `grammar`, `original`, `User_id`, `Post_id`) VALUES (4, 2, 1, 5, 4, 1);
INSERT INTO `mydb`.`hainj_review` (`topic`, `technology`, `grammar`, `original`, `User_id`, `Post_id`) VALUES (5, 2, 4, 2, 5, 2);
INSERT INTO `mydb`.`hainj_review` (`topic`, `technology`, `grammar`, `original`, `User_id`, `Post_id`) VALUES (1, 2, 3, 2, 2, 3);
INSERT INTO `mydb`.`hainj_review` (`topic`, `technology`, `grammar`, `original`, `User_id`, `Post_id`) VALUES (2, 4, 4, 2, 3, 5);
INSERT INTO `mydb`.`hainj_review` (`topic`, `technology`, `grammar`, `original`, `User_id`, `Post_id`) VALUES (1, 2, 3, 2, 4, 5);
INSERT INTO `mydb`.`hainj_review` (`topic`, `technology`, `grammar`, `original`, `User_id`, `Post_id`) VALUES (3, 5, 2, 1, 3, 2);

COMMIT;

